{
  "timestamp": "2026-05-21T19:44:39.246Z",
  "embedding_model": "bge-m3 (Ollama)",
  "threshold": 0.4,
  "total_questions": 13,
  "must_cite_similarities": {
    "p10": 0.548428464310539,
    "p50": 0.611378719457186,
    "p90": 0.66049645528303,
    "min": 0.46284360579406,
    "max": 0.694442246523652
  },
  "non_must_cite_similarities": {
    "p10": 0.481396241312931,
    "p50": 0.581902998146525,
    "p90": 0.650396661543157,
    "min": 0.442597839677463,
    "max": 0.68285781289856
  },
  "margins": {
    "p10": 0,
    "p50": 0.011584433625092094,
    "p90": 0.080195570919676,
    "avg": 0.0602471638356907
  },
  "recommendation": "STRONGLY_RECOMMEND_HYBRID"
}